<?xml version="1.0" encoding="UTF-8" standalone="yes"?>
<Content>
    <Views>
        <ViewDef id="f9d06460-45d3-46ba-9790-5e97b62af970">
            <Title>Best Practices Snapshot</Title>
            <Description/>
            <Usage>report</Usage>
            <Usage>content</Usage>
            <Controls>
                <Control id="time-interval-selector_id_156" type="time-interval-selector" visible="false">
                    <Property name="advancedTimeMode" value="false"/>
                    <Property name="unit" value="DAYS"/>
                    <Property name="count" value="7"/>
                </Control>
            </Controls>
            <Presentation type="text">
                <Properties>
                    <Property name="text" value="&lt;font color=&quot;#ffffff&quot; style=&quot;&quot; size=&quot;3&quot;&gt;​Some best practices using snapshots:&lt;/font&gt;&lt;div&gt;&lt;font color=&quot;#ffffff&quot; size=&quot;3&quot;&gt;&lt;br&gt;&lt;/font&gt;&lt;/div&gt;&lt;div&gt;&lt;font color=&quot;#ffffff&quot; size=&quot;3&quot;&gt;* Snapshot is not backup;&lt;/font&gt;&lt;/div&gt;&lt;div&gt;&lt;font color=&quot;#ffffff&quot; size=&quot;3&quot;&gt;* For a better performance use only 2 to 3 snapshots;&lt;/font&gt;&lt;/div&gt;&lt;div&gt;&lt;font color=&quot;#ffffff&quot; size=&quot;3&quot;&gt;*&amp;nbsp;Do not use a single snapshot for more than 72 hours;&lt;br&gt;&lt;/font&gt;&lt;div style=&quot;&quot;&gt;&lt;font color=&quot;#ffffff&quot; size=&quot;3&quot;&gt;* If you use a backup solution, check if snapshots are deleted after a successful backup;&lt;/font&gt;&lt;/div&gt;&lt;div style=&quot;&quot;&gt;&lt;font color=&quot;#ffffff&quot; size=&quot;3&quot;&gt;*&amp;nbsp;Ensure that there are no snapshots before vMotion, increase disk space.&amp;nbsp;&lt;br&gt;&amp;nbsp; &amp;nbsp; &amp;nbsp;&lt;/font&gt;&lt;/div&gt;&lt;div style=&quot;&quot;&gt;&lt;font size=&quot;3&quot;&gt;&lt;font color=&quot;#ffffff&quot;&gt;Source: https://kb.vmware.com/s/article/1025279&lt;/font&gt;&lt;br&gt;&lt;/font&gt;&lt;/div&gt;&lt;div style=&quot;font-size: 14px; color: rgb(0, 0, 0);&quot;&gt;&lt;br&gt;&lt;/div&gt;&lt;/div&gt;"/>
                </Properties>
            </Presentation>
        </ViewDef>
    </Views>
</Content>
