{
   "dashboards": [{
      "autoswitchEnabled": false,
      "columnCount": 1,
      "columnProportion": "1",
      "creationTime": 1585396573556,
      "dashboardNavigations": {},
      "description": "",
      "disabled": false,
      "gridsterMaxColumns": 12,
      "hidden": false,
      "homeTab": false,
      "id": "9cfdace1-dc80-449b-b7bd-da65a82833db",
      "importAttempts": 0,
      "importComplete": true,
      "isDefault": false,
      "locked": false,
      "name": "Snapshots per Cluster",
      "rank": 322,
      "shared": false,
      "states": [],
      "temporary": false,
      "userId": "af67c3eb-b10e-4a1a-8b0a-436cfd8d710e",
      "widgetInteractions": [],
      "widgets": [
         {
            "collapsed": false,
            "config": {
               "chartViewItems": [],
               "isUpdatedView": true,
               "refreshContent": {"refreshContent": true},
               "refreshInterval": 300,
               "resource": {
                  "id": "Ext.vcops.chrome.model.Resource-26",
                  "resourceId": "resource:id:0_::_",
                  "resourceKindId": "002006VMWAREvSphere World",
                  "resourceName": "vSphere World",
                  "traversalSpecId": ""
               },
               "selectFirstRow": {"selectFirstRow": false},
               "selfProvider": {"selfProvider": true},
               "title": "Snapshot Summary",
               "traversalSpecId": null,
               "viewDefinitionId": "67fedc96-3bb4-4f07-bd7e-5a82e261f5c1"
            },
            "gridsterCoords": {
               "h": 12,
               "w": 6,
               "x": 6,
               "y": 1
            },
            "height": 666,
            "id": "6ae53e04-f938-4096-9246-bcc6deed28dc",
            "title": "Snapshot Summary",
            "type": "View"
         },
         {
            "collapsed": false,
            "config": {
               "chartViewItems": [],
               "isUpdatedView": true,
               "refreshContent": {"refreshContent": false},
               "refreshInterval": 300,
               "resource": {
                  "id": "Ext.vcops.chrome.model.Resource-35",
                  "resourceId": "resource:id:0_::_",
                  "resourceKindId": "002006VMWAREvSphere World",
                  "resourceName": "vSphere World",
                  "traversalSpecId": ""
               },
               "selectFirstRow": {"selectFirstRow": false},
               "selfProvider": {"selfProvider": true},
               "title": "Some Best Practices using Snapshots",
               "traversalSpecId": null,
               "viewDefinitionId": "b3f3896f-c2da-43f1-81d6-3f1d414a87bb"
            },
            "gridsterCoords": {
               "h": 7,
               "w": 5,
               "x": 1,
               "y": 1
            },
            "height": 381,
            "id": "4f722b37-0d63-4f29-8a16-fc79373117a6",
            "title": "Some Best Practices using Snapshots",
            "type": "View"
         }
      ]
   }],
   "entries": {"resource": [{
      "adapterKindKey": "VMWARE",
      "identifiers": [],
      "internalId": "resource:id:0_::_",
      "name": "vSphere World",
      "resourceKindKey": "vSphere World"
   }]},
   "uuid": "ad948490-4488-4714-b1a7-d5084843bd4c"
}